<?xml version="1.0" encoding="UTF-8"?>
<beans xmlns="http://www.springframework.org/schema/beans"
  xmlns:xsi="http://www.w3.org/2001/XMLSchema-instance"
  xmlns:aop="http://www.springframework.org/schema/aop"
  xsi:schemaLocation="http://www.springframework.org/schema/beans
    http://www.springframework.org/schema/beans/spring-beans-2.5.xsd
    http://www.springframework.org/schema/aop
    http://www.springframework.org/schema/aop/spring-aop-2.5.xsd">
  
  <bean id="customerLookupBean" 
        class="coreservlets.CustomerLookupBean"
        scope="session">
    <property name="customerDao" ref="customerDao"/>
    <aop:scoped-proxy/>
  </bean>
  
  <bean id="dataSource" 
        class="coreservlets.dataSource.EmbeddedDerbyDataSource">
    <constructor-arg value="target/ngcdb" />
    <constructor-arg>
      <list>
        <value>/setup.sql</value>
      </list>
    </constructor-arg>
  </bean>  
  
</beans>
