<?xml version="1.0" encoding="UTF-8"?>
<beans xmlns="http://www.springframework.org/schema/beans"
  xmlns:xsi="http://www.w3.org/2001/XMLSchema-instance"
  xmlns:aop="http://www.springframework.org/schema/aop"
  xmlns:tx="http://www.springframework.org/schema/tx"
  xsi:schemaLocation="http://www.springframework.org/schema/beans
    http://www.springframework.org/schema/beans/spring-beans-2.5.xsd
    http://www.springframework.org/schema/aop
    http://www.springframework.org/schema/aop/spring-aop-2.5.xsd
    http://www.springframework.org/schema/tx
    http://www.springframework.org/schema/tx/spring-tx-2.5.xsd">

  <bean id="customerDao" class="coreservlets.SpringJdbcCustomerDao">
    <constructor-arg ref="dataSource" />
  </bean>
  
  <aop:config>
    <aop:pointcut id="customerDaoOperations"
                  expression="target(coreservlets.CustomerDao)" />
    <aop:advisor advice-ref="transactionAdvice"
                 pointcut-ref="customerDaoOperations" />
  </aop:config>
   
  <tx:advice id="transactionAdvice"
  transaction-manager="transactionManager">
    <tx:attributes>
      <tx:method name="get*" propagation="REQUIRED" read-only="true" />
      <tx:method name="*" propagation="REQUIRED" />
    </tx:attributes>
  </tx:advice>
     
  <bean id="transactionManager"
        class="org.springframework.jdbc.datasource.DataSourceTransactionManager">
    <property name="dataSource" ref="dataSource" />
  </bean>
</beans>
