<?xml version="1.0" encoding="UTF-8"?>
<beans xmlns="http://www.springframework.org/schema/beans"
  xmlns:xsi="http://www.w3.org/2001/XMLSchema-instance"
  xmlns:aop="http://www.springframework.org/schema/aop"
  xsi:schemaLocation="http://www.springframework.org/schema/beans
    http://www.springframework.org/schema/beans/spring-beans-2.5.xsd
    http://www.springframework.org/schema/aop
    http://www.springframework.org/schema/aop/spring-aop-2.5.xsd">
  
  <bean id="customerLookupBean" 
        class="coreservlets.CustomerLookupBean"
        scope="session">
    <property name="customerDao" ref="customerDao"/>
    <aop:scoped-proxy/>
  </bean>
 
  <bean id="loggingAdvice"
        class="coreservlets.advice.LoggingMethodAdvice"/>

  <aop:config>

    <aop:pointcut id="customerDaoPointcut"
      expression="target(coreservlets.CustomerDao)" /> 

    <aop:pointcut id="customerWebPointcut"
      expression="target(coreservlets.CustomerLookupBean)" /> 

    <aop:advisor advice-ref="loggingAdvice"
                 pointcut-ref="customerDaoPointcut" />

    <aop:advisor advice-ref="loggingAdvice"
                 pointcut-ref="customerWebPointcut" />

  </aop:config>
  
</beans>
