<?xml version="1.0" encoding="UTF-8"?>
<beans xmlns="http://www.springframework.org/schema/beans"
  xmlns:xsi="http://www.w3.org/2001/XMLSchema-instance"
  xmlns:aop="http://www.springframework.org/schema/aop"
  xmlns:tx="http://www.springframework.org/schema/tx"
  xmlns:context="http://www.springframework.org/schema/context"
  xsi:schemaLocation="http://www.springframework.org/schema/beans
    http://www.springframework.org/schema/beans/spring-beans-2.5.xsd
    http://www.springframework.org/schema/aop
    http://www.springframework.org/schema/aop/spring-aop-2.5.xsd
    http://www.springframework.org/schema/tx
    http://www.springframework.org/schema/tx/spring-tx-2.5.xsd
    http://www.springframework.org/schema/context
    http://www.springframework.org/schema/context/spring-context-2.5.xsd">

  <bean id="customerDao" class="coreservlets.JpaCustomerDao" />
  
  <aop:config>
    <aop:pointcut id="customerDaoOperations"
                  expression="target(coreservlets.CustomerDao)" />
    <aop:advisor advice-ref="transactionAdvice"
                 pointcut-ref="customerDaoOperations" />
  </aop:config>
   
  <tx:advice id="transactionAdvice"
             transaction-manager="transactionManager">
    <tx:attributes>
      <tx:method name="get*" propagation="REQUIRED" read-only="true" />
      <tx:method name="*" propagation="REQUIRED" />
    </tx:attributes>
  </tx:advice>
  
  <bean id="transactionManager"
        class="org.springframework.orm.jpa.JpaTransactionManager">
    <property name="entityManagerFactory" ref="entityManagerFactory"/>
    <property name="dataSource" ref="dataSource"/>
  </bean>
    
  <bean id="entityManagerFactory" 
        class="org.springframework.orm.jpa.LocalContainerEntityManagerFactoryBean">
    <property name="persistenceUnitName" value="coreservlets"/>
    <property name="dataSource" ref="dataSource"/>
    <property name="loadTimeWeaver">
      <bean class="org.springframework.instrument.classloading.InstrumentationLoadTimeWeaver"/>
    </property>
    <property name="jpaVendorAdapter">
      <bean class="org.springframework.orm.jpa.vendor.HibernateJpaVendorAdapter">
        <property name="databasePlatform" value="org.hibernate.dialect.DerbyDialect"/>
      </bean>
    </property>
  </bean>
  
  <bean class="org.springframework.orm.jpa.support.PersistenceAnnotationBeanPostProcessor"/>
</beans>
