<?xml version="1.0" encoding="UTF-8"?>
<beans xmlns="http://www.springframework.org/schema/beans"
  xmlns:xsi="http://www.w3.org/2001/XMLSchema-instance"
  xmlns:aop="http://www.springframework.org/schema/aop"
  xsi:schemaLocation="http://www.springframework.org/schema/beans
    http://www.springframework.org/schema/beans/spring-beans-2.5.xsd
    http://www.springframework.org/schema/aop
    http://www.springframework.org/schema/aop/spring-aop-2.5.xsd">

  <bean id="summarizingMethodAdvice"
        class="coreservlets.SummarizingMethodAdvice" />

  <aop:config>
    
    <aop:pointcut id="generalPcd"
      expression="within(*)" />   

    <aop:pointcut id="mockCustomerQueryPcd"
      expression="within(coreservlets.MockCustomerQuery)" />      
     
    <aop:pointcut id="coreservletsPackagePcd"
      expression="within(coreservlets.*)" />      

    <aop:pointcut id="coreservletsCustomerQueryPcd"
      expression="within(coreservlets.*CustomerQuery*)" />      
    
    <aop:advisor advice-ref="summarizingMethodAdvice"
                 pointcut-ref="generalPcd" />
                 
  </aop:config>
</beans>
